topic,sentiment_mean,sentiment_std,subjectivity_mean,subjectivity_std,counting
Frühling,inf,1.0,-0.018302249856310945,0.9473532042370948,1711.0
Herbst,inf,1.0,0.04042054388818515,1.0580725905330266,1282.0
Sommer,inf,1.0,0.007346993383607234,1.0013615779307645,1800.0
Winter,-0.05441768778735543,0.9519584965251081,-0.014774178009411986,0.9755530543870512,2018.0
