topic,sentiment_mean,sentiment_std,subjectivity_mean,subjectivity_std,counting
Frühling,0.08363123046352468,1.0389160463437987,-0.07024652343043183,0.886001938955098,270.0
Herbst,0.0021304811702557123,1.0186983551741768,-0.027528064562646105,0.9825601870415017,322.0
Sommer,0.12731246680980687,1.059255458953217,0.028334719865546743,0.941411048071509,226.0
Winter,-0.040794436691847846,0.9297334328064184,0.020070987306482505,1.0020955772627813,1177.0
