topic,sentiment_mean,sentiment_std,subjectivity_mean,subjectivity_std,counting
Frühling,0.02566953250232691,0.9826295224399849,0.008320469732433868,1.0116769770048073,110.0
Herbst,-0.05463392366864583,0.9797573089048296,-0.04851444330355612,1.0008697539131561,150.0
Sommer,0.2154435729969934,1.1324274990510947,-0.09602225042011157,0.7749400899198139,96.0
Winter,-0.020337096317618607,0.9255860804541802,0.029674055396547345,0.977510332808925,570.0
