topic,sentiment_mean,sentiment_std,subjectivity_mean,subjectivity_std,counting
Frühling,0.06624237839268961,0.9849621304340231,-0.020183968215821576,0.9494457991373377,1469.0
Herbst,-0.03321479517450029,0.9603777745663389,0.058050567165542175,1.063389420992271,1003.0
Sommer,0.07396383987556895,1.064354606215559,0.01688483290658504,1.0092456956870937,1178.0
Winter,-0.07434370021640792,0.9521919149741497,-0.022850029495021955,0.9676481849501607,1976.0
