topic,sentiment_mean,sentiment_std,subjectivity_mean,subjectivity_std,counting
Frühling,-0.044192648736073946,0.9803191299653617,-0.032490245966182905,0.9510921887443173,165.0
Herbst,-0.03824960302066768,0.9910850978386077,-0.06190203213401694,0.9621544828676866,168.0
Sommer,0.23625383581537657,1.1229429877333346,-0.07108164215748479,0.8295354077108638,110.0
Winter,-0.013820829091789484,0.9207806565493942,0.03884280962569974,0.9914565009386083,664.0
