topic,sentiment_mean,sentiment_std,subjectivity_mean,subjectivity_std,counting
Frühling,0.06809229481484144,0.9860084986325216,-0.01809360260562734,0.9511091011766465,1539.0
Herbst,-0.028917676220959563,0.9523229066919202,0.05131148916845711,1.0641468445046784,1029.0
Sommer,0.05307271244110626,1.0651576389069906,0.010434711408349057,0.9985584636912491,1334.0
Winter,-0.0714326508445601,0.9517870569577751,-0.017894552575162145,0.9743494339755503,1985.0
