topic,sentiment_mean,sentiment_std,subjectivity_mean,subjectivity_std,counting
Frühling,0.005710331850198758,1.0263572407234653,-0.03937891573034656,0.9305020949155798,199.0
Herbst,-0.07245347832374337,0.9855369516501913,-0.05407862337825443,0.961765599525711,193.0
Sommer,0.19784865418482273,1.1028949167706927,-0.05817143016024634,0.8610926926474389,150.0
Winter,-0.01779371182986216,0.9122786145282451,0.03841434761540349,0.9988505604724022,747.0
