topic,sentiment_mean,sentiment_std,subjectivity_mean,subjectivity_std,counting
Frühling,0.085153553266769,1.0028809739432554,-0.013219354813716664,0.9752505063618441,2198.0
Herbst,-0.03433858967743732,0.9635759658072125,0.03740579121146857,1.036233853214013,1728.0
Sommer,0.0030037139216794423,1.0460199911677512,0.014439874684047704,1.0032527600126486,2281.0
Winter,-0.056527740506205695,0.9421689089663734,-0.027628062277205507,0.9660585683082314,2329.0
