topic,sentiment_mean,sentiment_std,subjectivity_mean,subjectivity_std,counting
Frühling,0.06439084950093263,0.9874889230988905,-0.021914731374414333,0.9525791349420557,1572.0
Herbst,-0.02631269251392971,0.9523475946289491,0.05024510720282614,1.064281773285988,1034.0
Sommer,0.043950419383318506,1.0582319139465155,0.020324000755580295,1.0010993617644643,1423.0
Winter,-0.06688634319839086,0.9543452134790192,-0.021285760662057538,0.9720981270555208,1997.0
