topic,sentiment_mean,sentiment_std,subjectivity_mean,subjectivity_std,counting
Frühling,0.08756096367551007,1.000335258185942,-0.02290035228452861,0.9612131998782714,2132.0
Herbst,-0.03419999388375972,0.9445651431706584,0.040084297263518275,1.0471670259822925,1607.0
Sommer,-0.001458744447459719,1.0506512483339223,0.01656519734487693,1.0049567226975948,2196.0
Winter,-0.05944972992057618,0.9484346486529991,-0.02252977797527589,0.9676064369605547,2114.0
