topic,sentiment_mean,sentiment_std,subjectivity_mean,subjectivity_std,counting
Frühling,0.08294841088869527,0.9943885025143391,-0.01723050946854321,0.9689458222222151,2325.0
Herbst,-0.002381948832079969,0.9980239913223911,0.05224710834736667,1.0646746495519528,2038.0
Sommer,0.0008350732288645619,1.030637989685167,0.0007333965237486588,0.988402855525319,2403.0
Winter,-0.07125138075281165,0.944870214914266,-0.024376901942167288,0.9608154442241927,2618.0
