topic,sentiment_mean,sentiment_std,subjectivity_mean,subjectivity_std,counting
Frühling,0.06555813442681166,0.9906310999995689,-0.022932160001954072,0.9465020699378631,1491.0
Herbst,-0.028459051724269064,0.9531021524228466,0.05088486306991161,1.0614507432313838,1023.0
Sommer,0.06214773300889534,1.0630353548087241,0.0177205781063207,1.0083644514300716,1252.0
Winter,-0.07193907115850542,0.9514391882650297,-0.018547623849733956,0.97157925895999,1979.0
