topic,sentiment_mean,sentiment_std,subjectivity_mean,subjectivity_std,counting
Frühling,0.0623907604097443,0.9881810453811541,-0.025660655056328627,0.9473443407867611,1594.0
Herbst,-0.020751290080439196,0.9542159406221458,0.055703019354816335,1.0732521454698867,1046.0
Sommer,0.03556153476006925,1.0545223550276877,0.014919964915238823,0.9928868525132379,1511.0
Winter,-0.06396785937284574,0.9544034145220767,-0.017896852651906804,0.9775037579203679,2009.0
