topic,sentiment_mean,sentiment_std,subjectivity_mean,subjectivity_std,counting
Frühling,0.0837447729146814,0.9968908784368132,-0.023440151369583027,0.9630571918577173,2284.0
Herbst,-0.006557214901829593,0.9946916994849093,0.05667012025207587,1.0671199940074472,2016.0
Sommer,-0.0018875246849024629,1.0331119476253272,0.010053268107432194,0.9978900091005064,2344.0
Winter,-0.06781382185868595,0.9418507303665735,-0.031771165817461415,0.9528778469579935,2516.0
