topic,sentiment_mean,sentiment_std,subjectivity_mean,subjectivity_std,counting
Frühling,inf,1.0,-0.024066125528296848,0.9431455595108662,1682.0
Herbst,inf,1.0,0.050931277436176134,1.0670966962754835,1212.0
Sommer,inf,1.0,0.010392351456750949,0.9997366032221429,1698.0
Winter,-0.061395385670033574,0.9568979650554181,-0.017336035553651815,0.9757129761807636,2015.0
