topic,sentiment_mean,sentiment_std,subjectivity_mean,subjectivity_std,counting
Frühling,0.07000167753172593,0.9871108779225617,-0.019759143984795623,0.9542401228489374,1655.0
Herbst,-0.021586894019502013,0.9475058125845932,0.0526840661803256,1.0703688311461965,1141.0
Sommer,0.020292661481170204,1.0571080980529473,0.011781576112369059,0.9915512940975054,1636.0
Winter,-0.06034768879308103,0.9556040786907404,-0.021216632099737967,0.9733380418650478,2012.0
