topic,sentiment_mean,sentiment_std,subjectivity_mean,subjectivity_std,counting
Frühling,0.057075723096214524,0.9895820973750146,-0.018423325270431737,0.9502191769340282,1368.0
Herbst,-0.03271174327773532,0.952967963736225,0.061561084318293845,1.0631722288372993,983.0
Sommer,0.12882187332549458,1.0601865011521934,0.011454067191876485,1.0112381566378308,987.0
Winter,-0.08610202542228144,0.9578227096773084,-0.022213362897520166,0.9657012168543987,1960.0
