topic,sentiment_mean,sentiment_std,subjectivity_mean,subjectivity_std,counting
Frühling,0.061408764050063014,0.9891638120505358,-0.015751721070821987,0.9547685567842852,1336.0
Herbst,-0.03569202836110284,0.9534891868186339,0.059214723119902626,1.0609281810949807,980.0
Sommer,0.13631975627478324,1.0623786083860636,0.009208347989413532,0.9932483073044251,913.0
Winter,-0.08606286604098694,0.9585645306566635,-0.021752213390744457,0.9719585754206681,1944.0
