topic,sentiment_mean,sentiment_std,subjectivity_mean,subjectivity_std,counting
Frühling,inf,1.0,-0.017361766521194814,0.9483860935734559,1789.0
Herbst,inf,1.0,0.04413464606875986,1.0616995849426698,1319.0
Sommer,inf,1.0,0.002141016359576807,0.9959409661560836,1951.0
Winter,-0.06074690522115946,0.9558106919528078,-0.013462592097903337,0.9786216946621403,2030.0
