topic,sentiment_mean,sentiment_std,subjectivity_mean,subjectivity_std,counting
Frühling,0.07979569229283813,0.9988417314706719,-0.024181639833591468,0.9601660299449798,2267.0
Herbst,-0.0023629187000885152,0.9911724330027074,0.053459709715385835,1.0645597571131722,1987.0
Sommer,-0.003912339283348157,1.0377261073889876,0.011710793750850702,0.9988131611877822,2318.0
Winter,-0.06629159287758316,0.9379919482883902,-0.02997642968073617,0.9571141892862006,2476.0
