topic,sentiment_mean,sentiment_std,subjectivity_mean,subjectivity_std,counting
Frühling,inf,1.0,-0.01776335195018689,0.9446700881892225,1769.0
Herbst,inf,1.0,0.041912027334544445,1.0611805312938685,1299.0
Sommer,inf,1.0,0.0037853302149864036,0.9996497485518346,1876.0
Winter,-0.05870142744421314,0.9539026498740898,-0.012937584035242068,0.9783128402212808,2024.0
