topic,sentiment_mean,sentiment_std,subjectivity_mean,subjectivity_std,counting
Frühling,0.5392560030836893,1.3026442924820165,-0.10035748674536014,0.46377381841148607,7.0
Herbst,0.047280340337854804,0.836920673328263,-0.6311459248152924,0.29807904633069127,4.0
Sommer,0.002945208236937316,0.8130623661365141,0.012689247933296014,0.8625819186370408,20.0
Winter,-0.011242908491335964,0.9322844261753351,0.018160601126701672,0.9550339502851,249.0
