topic,sentiment_mean,sentiment_std,subjectivity_mean,subjectivity_std,counting
Frühling,0.06829316122812669,0.9857440143766145,-0.025946219369576928,0.9478076626418744,1633.0
Herbst,-0.01883443848999637,0.9523436246333558,0.055108328943757126,1.0751782802325929,1058.0
Sommer,0.022762479641640385,1.0580982892857316,0.0138186397615266,0.9890870237870943,1574.0
Winter,-0.061967612779440746,0.9530703456719415,-0.016782356816481495,0.9798537446212703,2009.0
