topic,sentiment_mean,sentiment_std,subjectivity_mean,subjectivity_std,counting
Frühling,inf,1.0,-0.022076480690633962,0.9437484127187705,1811.0
Herbst,inf,1.0,0.044835590330291615,1.0609745005231757,1328.0
Sommer,inf,1.0,0.005537110801168862,0.9992740097366081,1994.0
Winter,-0.059334700364517504,0.954999120529378,-0.01301079597438465,0.9801758399801611,2045.0
