keyword,sentiment_mean,sentiment_std,subjectivity_mean,subjectivity_std,counting
'Energiekrise',0.01025529782639758,0.9668070809409004,0.059704376181627244,1.0060015570305136,220.0
'Hitze',-0.13260700823499494,1.0217425085545786,0.1552274403328556,0.9610371523975508,10.0
'Jahreswechsel',0.047280340337854804,0.836920673328263,-0.6311459248152924,0.29807904633069127,4.0
'Natur',2.2190456681174155,1.0,-0.5242553294004539,1.0,1.0
'Schnee',-0.17433274952241803,0.5968499644309186,-0.2783760001274222,0.32479166640116736,29.0
'Sonne',0.25929105891140164,1.1738242950177313,-0.02970784630284451,0.46494716187718305,6.0
'Temperaturen',0.13849742470886958,0.5574973803054472,-0.10134130598635167,0.8090526014681381,10.0
