topic,sentiment_mean,sentiment_std,subjectivity_mean,subjectivity_std,counting
Frühling,0.08842634685469465,0.9993497833243458,-0.01849330206791621,0.9664646040571659,2138.0
Herbst,-0.0393905585843626,0.9452917553358412,0.034003402880142156,1.042480324971406,1646.0
Sommer,0.0021469880105547687,1.0516383772516529,0.017177156728392765,1.0054393749154797,2219.0
Winter,-0.05882222297117223,0.9487877913346122,-0.023461953237439877,0.9659025298995871,2148.0
