topic,sentiment_mean,sentiment_std,subjectivity_mean,subjectivity_std,counting
Frühling,0.08862220615787204,0.997598330375148,-0.01719705436955552,0.9676644219503939,2144.0
Herbst,-0.041311829019534035,0.9566568384225866,0.03559032146535949,1.0451889087670845,1671.0
Sommer,0.0031724091741601617,1.047817510001647,0.01835409099625776,1.0073683041012191,2234.0
Winter,-0.05628375582225901,0.9480762788245681,-0.026747740125732094,0.9608564658340903,2223.0
