topic,sentiment_mean,sentiment_std,subjectivity_mean,subjectivity_std,counting
Frühling,0.0937948690215226,0.9894966369618378,-0.025315025744193847,0.9547096768702965,2005.0
Herbst,-0.03822159717302033,0.9489715743289023,0.031830321726524176,1.0419083297265896,1516.0
Sommer,0.0019159573373887415,1.0518885113583676,0.01586740339752059,1.0041655185954694,2140.0
Winter,-0.06270685380729611,0.952565442821213,-0.013017126688960209,0.9788388822903945,2091.0
