topic,sentiment_mean,sentiment_std,subjectivity_mean,subjectivity_std,counting
Frühling,0.08124814671282446,0.9940052139183345,-0.019272812576857704,0.9651815442015496,2348.0
Herbst,-0.001877228701432489,0.9936649227432182,0.05272885302511664,1.0643664551112655,2074.0
Sommer,0.003063104888721469,1.036577531259485,0.0007622368802185813,0.9887378270081806,2434.0
Winter,-0.0724301651541422,0.9428554863774371,-0.023434702991486145,0.9639599740989904,2634.0
