topic,sentiment_mean,sentiment_std,subjectivity_mean,subjectivity_std,counting
Frühling,0.11266707095333654,1.04563155956308,-0.030340499612482065,0.9112080387027993,230.0
Herbst,-0.08283013144865911,1.0045408703036414,-0.05273202919990123,0.9563871323740493,249.0
Sommer,0.11298845148760354,1.0588889689635401,0.007407322395427646,0.9198534241174746,199.0
Winter,-0.021091200157421233,0.9327298397673449,0.018764437805747436,1.0003666552292507,1126.0
