topic,sentiment_mean,sentiment_std,subjectivity_mean,subjectivity_std,counting
Frühling,0.08210662176148027,0.9970411663700814,-0.020702895209274163,0.9651611402603083,2306.0
Herbst,-0.007112445401808199,0.995747625757003,0.05442372236155151,1.0651666300070464,2023.0
Sommer,0.0004706120964837046,1.031611698156257,0.002919097390941902,0.9898321372392656,2396.0
Winter,-0.06703152408842762,0.9430196657951584,-0.025223177263781933,0.961955676850842,2577.0
