topic,sentiment_mean,sentiment_std,subjectivity_mean,subjectivity_std,counting
Frühling,0.08573445437584985,1.0056213815600727,-0.01474412578660314,0.9737204558608644,2218.0
Herbst,-0.03352608426989105,0.9659712271762924,0.03681716257595594,1.0344286493289807,1754.0
Sommer,0.0027051463471266823,1.0433594736443208,0.014090346125094272,1.0031844130082106,2297.0
Winter,-0.05705147842584153,0.9411431153045133,-0.025478740524389032,0.9692438303236743,2358.0
