topic,sentiment_mean,sentiment_std,subjectivity_mean,subjectivity_std,counting
Frühling,0.08429558408794996,1.0054796648353503,-0.015746652690097875,0.9733009123684742,2180.0
Herbst,-0.037189440207131594,0.9544543106441978,0.03512898874618551,1.0389250702586137,1698.0
Sommer,0.004445624939473105,1.0462009858342147,0.017931685680572334,1.0060991199998555,2257.0
Winter,-0.05568859623646761,0.9453912219772044,-0.026920160698185844,0.9628426432690563,2292.0
