topic,sentiment_mean,sentiment_std,subjectivity_mean,subjectivity_std,counting
Frühling,0.08040943317881634,0.9975303403626211,-0.022116915654645276,0.9624479995913144,2245.0
Herbst,-0.006292295133496306,0.9918330927942631,0.048570956658491295,1.0570834916785719,1950.0
Sommer,-0.004014724369842947,1.0376189801836848,0.01220063413297705,0.9988251149987388,2316.0
Winter,-0.06458010902694264,0.9372487725364395,-0.028591012599338474,0.9615260572036619,2415.0
