topic,sentiment_mean,sentiment_std,subjectivity_mean,subjectivity_std,counting
Frühling,0.08307615024072221,1.002210400639064,-0.020711874824766097,0.9623240038200486,2230.0
Herbst,-0.023382077640195908,0.9776463518345013,0.04821397349856896,1.0580321925073455,1891.0
Sommer,0.0016959066709131504,1.0419309093068179,0.010631557068083757,0.9971827461605717,2312.0
Winter,-0.05959543955021555,0.938672538831967,-0.02741294356553267,0.9633230444885883,2383.0
