topic,sentiment_mean,sentiment_std,subjectivity_mean,subjectivity_std,counting
Frühling,0.09189169867089086,0.9925676815108346,-0.027021963095783568,0.9497752973720414,1943.0
Herbst,-0.03517207590470607,0.9472125836109156,0.03467247802640766,1.0451469538608238,1464.0
Sommer,0.003279133531906328,1.0508777123847346,0.016329559834675163,1.0061003481472,2124.0
Winter,-0.06260199894314937,0.9511823507836782,-0.013728164947385496,0.9785347025722795,2091.0
