topic,sentiment_mean,sentiment_std,subjectivity_mean,subjectivity_std,counting
Frühling,0.02296628403654584,1.0343654868405852,-0.03113718309575282,1.0005831209356657,69.0
Herbst,-0.014508961209393961,0.9258698302782595,-0.1260100054721303,0.7555496851710406,75.0
Sommer,0.284492240788195,1.1135108815083263,-0.07318818957771117,0.7745537566391326,88.0
Winter,-0.04168493116871343,0.9316902341015384,0.03431076240891136,1.0127512807985743,545.0
