topic,sentiment_mean,sentiment_std,subjectivity_mean,subjectivity_std,counting
Frühling,0.030354765126445735,1.0795326904880276,-0.011897406272688461,1.0410047160562226,61.0
Herbst,-0.006024102580800532,0.9423120270459278,-0.1741691253605578,0.6584140675758334,71.0
Sommer,0.29010401733540087,1.100429234529664,-0.063763102016759,0.7721020965765871,80.0
Winter,-0.0398799382858801,0.9302409937586646,0.03528413548953975,1.0144699497835088,543.0
